,Left_Hand_Side,Right_Hand_Side,Support,Confidence,Lift
0,Qualified,Judge_Hydroxide_Oxyhydroxide_True,0.022245762711864406,0.29166666666666663,1.6586345381526102
0,Qualified,S,0.02065677966101695,0.2708333333333333,1.4735830931796348
0,Qualified,Judge_3D_True,0.04766949152542373,0.6249999999999999,1.4622057001239155
0,Qualified,Ni,0.0513771186440678,0.673611111111111,1.3030510018214936
0,Qualified,Fe,0.0413135593220339,0.5416666666666666,1.291245791245791
0,Qualified,P,0.021716101694915255,0.2847222222222222,1.205281514698555
0,Qualified,Judge_2D_True,0.026483050847457626,0.3472222222222222,1.2050653594771241
