,Left_Hand_Side,Right_Hand_Side,Support,Confidence,Lift
0,Judge_MXene_True,Qualified,0.004766949152542373,1.0,1.4534257120862202
0,Cr,Qualified,0.015360169491525424,0.90625,1.317167051578137
0,Judge_Prussian_Blue_True,Qualified,0.022245762711864406,0.8936170212765957,1.298805955481303
0,Judge_Steel_True,Qualified,0.011652542372881356,0.88,1.2790146266358737
0,Judge_Electrochemical_Deposition_True,Qualified,0.06726694915254237,0.8523489932885906,1.2388259425164427
0,Judge_Hydroxide_Oxyhydroxide_True,Qualified,0.14883474576271186,0.8463855421686747,1.2301585093259875
0,Judge_Plasma_True,Qualified,0.00847457627118644,0.8421052631578948,1.223937441756817
0,Ir,Qualified,0.0211864406779661,0.8333333333333333,1.2111880934051833
