,Left_Hand_Side,Right_Hand_Side,Support,Confidence,Lift
0,Judge_Molten_True,Qualified,0.012629161882893225,1.0,1.3318042813455657
0,Judge_Prussian_Blue_True,Qualified,0.0057405281285878304,1.0,1.3318042813455657
0,Pt,Qualified,0.014925373134328358,1.0,1.3318042813455657
0,Pd,Qualified,0.014925373134328358,0.9285714285714286,1.2366754041065968
0,Zn,Qualified,0.040183696900114814,0.9210526315789475,1.2266618380814422
0,Judge_SAC_True,Qualified,0.15269804822043628,0.9109589041095891,1.2132189686230155
