,Left_Hand_Side,Right_Hand_Side,Support,Confidence,Lift
0,Na,Qualified,0.0057405281285878304,0.625,1.95818345323741
0,Judge_SAC_True,Qualified,0.09529276693455797,0.5684931506849316,1.7811422095200553
0,Judge_Conductive_Polymer_True,Qualified,0.016073478760045924,0.5384615384615384,1.68705035971223
0,Pt,Qualified,0.008036739380022962,0.5384615384615384,1.68705035971223
0,Cl,Qualified,0.014925373134328358,0.52,1.6292086330935251
0,Zn,Qualified,0.021814006888633754,0.5,1.566546762589928
0,Judge_Molten_True,Qualified,0.0057405281285878304,0.4545454545454546,1.4241334205362983
0,Fe,Qualified,0.20321469575200918,0.41067285382830626,1.2866764592965998
