,Left_Hand_Side,Right_Hand_Side,Support,Confidence,Lift
0,Qualified,Judge_COF_True,0.008036739380022962,0.22580645161290322,1.9473011817310764
0,Qualified,Judge_MOF_True,0.011481056257175661,0.3225806451612903,1.5105792577176553
0,Qualified,Fe,0.02640642939150402,0.7419354838709677,1.499363820073348
0,Qualified,Judge_Polymer_Complex_Chelate_True,0.009184845005740528,0.25806451612903225,1.4226214781543487
0,Qualified,Judge_1D_True,0.021814006888633754,0.6129032258064515,1.2386048948432002
