,Left_Hand_Side,Right_Hand_Side,Support,Confidence,Lift
0,Rh,Qualified,0.018928901200369344,0.9318181818181818,2.325251361541684
0,Qualified,Ru,0.11034164358264081,0.27534562211981567,2.2253679757892564
0,Ir,Qualified,0.019852262234533704,0.8775510204081634,2.1898335371014768
0,Pt,Qualified,0.03462603878116344,0.8522727272727273,2.1267542940930038
0,Pd,Qualified,0.015235457063711912,0.75,1.8715437788018432
0,Judge_SAC_True,Qualified,0.020313942751615882,0.619718309859155,1.5464399299019926
0,Judge_alloy_True,Qualified,0.048938134810710986,0.5408163265306123,1.349548575190445
0,V,Qualified,0.013388734995383195,0.4915254237288136,1.226548465203468
0,Ce,Qualified,0.006001846722068329,0.48148148148148145,1.2014848950332822
