,Left_Hand_Side,Right_Hand_Side,Support,Confidence,Lift
0,Qualified,Ru,0.05771006463527239,0.563063063063063,4.550726099233561
0,Pt,Qualified,0.016158818097876268,0.3977272727272727,3.880528255528255
0,Rh,Qualified,0.007848568790397045,0.38636363636363635,3.7696560196560194
0,Ir,Qualified,0.008310249307479225,0.3673469387755102,3.58411472697187
0,Judge_SAC_True,Qualified,0.009695290858725761,0.29577464788732394,2.885801294251998
0,Pd,Qualified,0.004155124653739612,0.20454545454545456,1.9957002457002457
0,Qualified,Judge_Nanoparticles_True,0.05355493998153278,0.5225225225225225,1.5482678300735757
0,Qualified,Judge_3D_False,0.07109879963065559,0.6936936936936937,1.2744194576255645
0,Qualified,N,0.03139427516158818,0.3063063063063063,1.2106924442690863
